MAE,MSE,RMSE,MAPE,R2,Max_Error,Mean_Error
1.7517678433474058,4.958371718570776,2.226740155152993,21.255042646566487,0.7061208151280476,7.709542846679689,-0.02322801148991083
