MAE,MSE,RMSE,MAPE,R2,Max_Error,Mean_Error
1.7511771595245615,4.966256661430774,2.2285099644001534,21.326797225786162,0.7056534801414875,7.836343383789064,-0.04287575984731705
